Sample ID,Site,Location,Site Expected Species,Year,Mitochondrial Marker,L116,L148,L203,L430,L447,L116_allele_1,L116_allele_2,L148_allele_1,L148_allele_2,L203_allele_1,L203_allele_2,L430_allele_1,L430_allele_2,L447_allele_1,L447_allele_2,Hybrid Index
A - ARC 006,A - ARC,Reitsman Hatchery,Solidissima,2020,solidissima,NA,NA,solidissima,solidissima,solidissima,NA,NA,NA,NA,1,1,1,1,1,1,0.946
A - ARC 007,A - ARC,Reitsman Hatchery,Solidissima,2020,solidissima,NA,NA,solidissima,solidissima,solidissima,NA,NA,NA,NA,1,1,1,1,1,1,0.946
B - ICO 008,B - ICO,Reitsman Hatchery,Solidissima,2020,solidissima,hybrid,solidissima,NA,NA,NA,0,1,1,1,NA,NA,NA,NA,NA,NA,0.5245
B - ICO 015,B - ICO,Reitsman Hatchery,Solidissima,2020,solidissima,NA,NA,solidissima,solidissima,solidissima,NA,NA,NA,NA,1,1,1,1,1,1,0.946
BLP0819_181,BLP,Southern Long Island,Solidissima,2019,solidissima,hybrid,solidissima,similis,hybrid,solidissima,0,1,1,1,0,0,0,1,1,1,0.5565
BLP0819_182,BLP,Southern Long Island,Solidissima,2019,solidissima,similis,solidissima,solidissima,solidissima,solidissima,0,0,1,1,1,1,1,1,1,1,0.7368
BLP0819_183,BLP,Southern Long Island,Solidissima,2019,solidissima,similis,solidissima,solidissima,solidissima,solidissima,0,0,1,1,1,1,1,1,1,1,0.7368
BLP0819_184,BLP,Southern Long Island,Solidissima,2019,solidissima,similis,solidissima,solidissima,solidissima,solidissima,0,0,1,1,1,1,1,1,1,1,0.7368
BLP0819_185,BLP,Southern Long Island,Solidissima,2019,solidissima,solidissima,solidissima,NA,solidissima,solidissima,1,1,1,1,NA,NA,1,1,1,1,0.78625
BLP0819_186,BLP,Southern Long Island,Solidissima,2019,solidissima,solidissima,solidissima,solidissima,solidissima,solidissima,1,1,1,1,1,1,1,1,1,1,0.818
BLP0819_187,BLP,Southern Long Island,Solidissima,2019,solidissima,similis,solidissima,solidissima,solidissima,solidissima,0,0,1,1,1,1,1,1,1,1,0.7368
BLP0819_190,BLP,Southern Long Island,Solidissima,2019,solidissima,NA,solidissima,solidissima,NA,solidissima,NA,NA,1,1,1,1,NA,NA,1,1,0.878333333
BLP0819_191,BLP,Southern Long Island,Solidissima,2019,solidissima,similis,solidissima,solidissima,hybrid,solidissima,0,0,1,1,1,1,0,1,1,1,0.6879
BLP0819_192,BLP,Southern Long Island,Solidissima,2019,solidissima,solidissima,solidissima,solidissima,solidissima,solidissima,1,1,1,1,1,1,1,1,1,1,0.818
BLP0819_193,BLP,Southern Long Island,Solidissima,2019,solidissima,similis,solidissima,solidissima,solidissima,solidissima,0,0,1,1,1,1,1,1,1,1,0.7368
BLP0819_194,BLP,Southern Long Island,Solidissima,2019,solidissima,similis,solidissima,solidissima,solidissima,solidissima,0,0,1,1,1,1,1,1,1,1,0.7368
BLP0819_200,BLP,Southern Long Island,Solidissima,2019,solidissima,NA,NA,solidissima,solidissima,solidissima,NA,NA,NA,NA,1,1,1,1,1,1,0.946
BLP0819_201,BLP,Southern Long Island,Solidissima,2019,solidissima,NA,NA,solidissima,solidissima,solidissima,NA,NA,NA,NA,1,1,1,1,1,1,0.946
BLP0819_203,BLP,Southern Long Island,Solidissima,2019,solidissima,NA,NA,solidissima,solidissima,solidissima,NA,NA,NA,NA,1,1,1,1,1,1,0.946
C - MVSG 002,C - MVSG,Reitsman Hatchery,Similis,2020,similis,similis,similis,similis,hybrid,similis,0,0,0,0,0,0,0,1,0,0,0.2057
C - MVSG 003,C - MVSG,Reitsman Hatchery,Similis,2020,similis,similis,similis,NA,NA,NA,0,0,0,0,NA,NA,NA,NA,NA,NA,0.0885
C - MVSG 006,C - MVSG,Reitsman Hatchery,Similis,2020,similis,similis,similis,NA,NA,NA,0,0,0,0,NA,NA,NA,NA,NA,NA,0.0885
C - MVSG 008,C - MVSG,Reitsman Hatchery,Similis,2020,similis,NA,NA,similis,hybrid,similis,NA,NA,NA,NA,0,0,0,1,0,0,0.283833333
C - MVSG 009,C - MVSG,Reitsman Hatchery,Similis,2020,similis,NA,NA,similis,similis,similis,NA,NA,NA,NA,0,0,0,0,0,0,0.202333333
C - MVSG 010,C - MVSG,Reitsman Hatchery,Similis,2020,similis,similis,similis,NA,NA,NA,0,0,0,0,NA,NA,NA,NA,NA,NA,0.0885
C - MVSG 011,C - MVSG,Reitsman Hatchery,Similis,2020,similis,NA,NA,similis,hybrid,similis,NA,NA,NA,NA,0,0,0,1,0,0,0.283833333
C - MVSG 012,C - MVSG,Reitsman Hatchery,Similis,2020,similis,NA,NA,similis,similis,similis,NA,NA,NA,NA,0,0,0,0,0,0,0.202333333
CUP0819_244,CUP,Southern Long Island,Solidissima,2019,solidissima,NA,NA,solidissima,solidissima,solidissima,NA,NA,NA,NA,1,1,1,1,1,1,0.946
CUP0819_253,CUP,Southern Long Island,Solidissima,2019,solidissima,NA,NA,solidissima,solidissima,solidissima,NA,NA,NA,NA,1,1,1,1,1,1,0.946
CUP0819_260,CUP,Southern Long Island,Solidissima,2019,solidissima,NA,NA,solidissima,solidissima,solidissima,NA,NA,NA,NA,1,1,1,1,1,1,0.946
CUP0819_283,CUP,Southern Long Island,Solidissima,2019,solidissima,NA,NA,solidissima,solidissima,solidissima,NA,NA,NA,NA,1,1,1,1,1,1,0.946
CUP0819_284,CUP,Southern Long Island,Solidissima,2019,solidissima,hybrid,solidissima,NA,NA,NA,0,1,1,1,NA,NA,NA,NA,NA,NA,0.5245
CUP0819_285,CUP,Southern Long Island,Solidissima,2019,solidissima,similis,solidissima,NA,NA,NA,0,0,1,1,NA,NA,NA,NA,NA,NA,0.423
CUP0819_286,CUP,Southern Long Island,Solidissima,2019,solidissima,similis,solidissima,NA,NA,NA,0,0,1,1,NA,NA,NA,NA,NA,NA,0.423
CUP0819_322,CUP,Southern Long Island,Solidissima,2019,solidissima,NA,NA,solidissima,hybrid,solidissima,NA,NA,NA,NA,1,1,0,1,1,1,0.8645
CUP0819_323,CUP,Southern Long Island,Solidissima,2019,solidissima,NA,NA,solidissima,solidissima,solidissima,NA,NA,NA,NA,1,1,1,1,1,1,0.946
CUP0819_324,CUP,Southern Long Island,Solidissima,2019,solidissima,NA,NA,solidissima,solidissima,solidissima,NA,NA,NA,NA,1,1,1,1,1,1,0.946
CUP0819_353,CUP,Southern Long Island,Solidissima,2019,solidissima,hybrid,solidissima,solidissima,solidissima,solidissima,0,1,1,1,1,1,1,1,1,1,0.7774
CUP0819_354,CUP,Southern Long Island,Solidissima,2019,solidissima,hybrid,solidissima,solidissima,solidissima,solidissima,0,1,1,1,1,1,1,1,1,1,0.7774
CUP0819_361,CUP,Southern Long Island,Solidissima,2019,solidissima,similis,solidissima,solidissima,solidissima,solidissima,0,0,1,1,1,1,1,1,1,1,0.7368
CUP0819_362,CUP,Southern Long Island,Solidissima,2019,solidissima,hybrid,solidissima,NA,solidissima,solidissima,0,1,1,1,NA,NA,1,1,1,1,0.7355
CUP0819_363,CUP,Southern Long Island,Solidissima,2019,solidissima,solidissima,solidissima,solidissima,solidissima,solidissima,1,1,1,1,1,1,1,1,1,1,0.818
CUP0819_364,CUP,Southern Long Island,Solidissima,2019,solidissima,similis,solidissima,solidissima,hybrid,solidissima,0,0,1,1,1,1,0,1,1,1,0.6879
CUP0819_372,CUP,Southern Long Island,Solidissima,2019,solidissima,similis,solidissima,solidissima,solidissima,solidissima,0,0,1,1,1,1,1,1,1,1,0.7368
CUP0819_379,CUP,Southern Long Island,Solidissima,2019,solidissima,hybrid,solidissima,solidissima,solidissima,solidissima,0,1,1,1,1,1,1,1,1,1,0.7774
CUP0819_380,CUP,Southern Long Island,Solidissima,2019,solidissima,hybrid,solidissima,solidissima,solidissima,solidissima,0,1,1,1,1,1,1,1,1,1,0.7774
CUP0819_381,CUP,Southern Long Island,Solidissima,2019,solidissima,similis,solidissima,solidissima,hybrid,solidissima,0,0,1,1,1,1,0,1,1,1,0.6879
CUP0819_395,CUP,Southern Long Island,Solidissima,2019,solidissima,similis,solidissima,solidissima,solidissima,solidissima,0,0,1,1,1,1,1,1,1,1,0.7368
CUP0819_396,CUP,Southern Long Island,Solidissima,2019,solidissima,hybrid,solidissima,solidissima,hybrid,solidissima,0,1,1,1,1,1,0,1,1,1,0.7285
CUP0819_397,CUP,Southern Long Island,Solidissima,2019,solidissima,hybrid,solidissima,solidissima,solidissima,solidissima,0,1,1,1,1,1,1,1,1,1,0.7774
CUP0819_399,CUP,Southern Long Island,Solidissima,2019,solidissima,similis,solidissima,solidissima,solidissima,solidissima,0,0,1,1,1,1,1,1,1,1,0.7368
GA12_001,GA,Georgia,Similis,2012,similis,similis,NA,NA,similis,similis,0,0,NA,NA,NA,NA,0,0,0,0,0.219333333
GA12_002,GA,Georgia,Similis,2012,similis,solidissima,similis,similis,similis,similis,1,1,0,0,0,0,0,0,0,0,0.238
GA12_003,GA,Georgia,Similis,2012,similis,NA,NA,similis,similis,similis,NA,NA,NA,NA,0,0,0,0,0,0,0.202333333
GA12_004,GA,Georgia,Similis,2012,similis,similis,similis,similis,similis,similis,0,0,0,0,0,0,0,0,0,0,0.1568
GA12_005,GA,Georgia,Similis,2012,similis,NA,similis,similis,NA,NA,NA,NA,0,0,0,0,NA,NA,NA,NA,0.063
GA12_006,GA,Georgia,Similis,2012,similis,NA,NA,similis,NA,NA,NA,NA,NA,NA,0,0,NA,NA,NA,NA,0.085
GA12_007,GA,Georgia,Similis,2012,similis,NA,NA,similis,NA,similis,NA,NA,NA,NA,0,0,NA,NA,0,0,0.0915
GA12_008,GA,Georgia,Similis,2012,similis,NA,NA,similis,similis,similis,NA,NA,NA,NA,0,0,0,0,0,0,0.202333333
GA12_009,GA,Georgia,Similis,2012,similis,similis,similis,similis,hybrid,similis,0,0,0,0,0,0,0,1,0,0,0.2057
GA12_010,GA,Georgia,Similis,2012,similis,hybrid,similis,similis,similis,similis,0,1,0,0,0,0,0,0,0,0,0.1974
GA12_011,GA,Georgia,Similis,2012,similis,similis,similis,similis,solidissima,similis,0,0,0,0,0,0,1,1,0,0,0.2546
GA12_012,GA,Georgia,Similis,2012,similis,similis,similis,similis,solidissima,similis,0,0,0,0,0,0,1,1,0,0,0.2546
GA12_014,GA,Georgia,Similis,2012,similis,similis,similis,NA,NA,NA,0,0,0,0,NA,NA,NA,NA,NA,NA,0.0885
GA12_015,GA,Georgia,Similis,2012,similis,NA,NA,similis,similis,similis,NA,NA,NA,NA,0,0,0,0,0,0,0.202333333
GA12_016,GA,Georgia,Similis,2012,similis,NA,NA,similis,hybrid,similis,NA,NA,NA,NA,0,0,0,1,0,0,0.283833333
GA12_017,GA,Georgia,Similis,2012,similis,similis,similis,hybrid,similis,hybrid,0,0,0,0,0,1,0,0,0,1,0.331
GA12_018,GA,Georgia,Similis,2012,similis,similis,similis,hybrid,similis,hybrid,0,0,0,0,0,1,0,0,0,1,0.331
GA12_020,GA,Georgia,Similis,2012,similis,similis,similis,similis,hybrid,hybrid,0,0,0,0,0,0,0,1,0,1,0.2939
GA12_021,GA,Georgia,Similis,2012,similis,similis,similis,similis,hybrid,hybrid,0,0,0,0,0,0,0,1,0,1,0.2939
GA12_022,GA,Georgia,Similis,2012,similis,similis,similis,similis,hybrid,similis,0,0,0,0,0,0,0,1,0,0,0.2057
GA12_023,GA,Georgia,Similis,2012,similis,hybrid,similis,similis,hybrid,similis,0,1,0,0,0,0,0,1,0,0,0.2463
GA12_024,GA,Georgia,Similis,2012,similis,similis,similis,similis,solidissima,hybrid,0,0,0,0,0,0,1,1,0,1,0.3428
GBE0819_263,GBE,George's Bank,Solidissima,2019,solidissima,solidissima,solidissima,NA,NA,NA,1,1,1,1,NA,NA,NA,NA,NA,NA,0.626
GBE0819_401,GBE,George's Bank,Solidissima,2019,solidissima,NA,NA,solidissima,solidissima,solidissima,NA,NA,NA,NA,1,1,1,1,1,1,0.946
GBE0819_402,GBE,George's Bank,Solidissima,2019,solidissima,NA,NA,solidissima,solidissima,solidissima,NA,NA,NA,NA,1,1,1,1,1,1,0.946
GBE0819_442,GBE,George's Bank,Solidissima,2019,solidissima,NA,NA,solidissima,solidissima,solidissima,NA,NA,NA,NA,1,1,1,1,1,1,0.946
GBE0819_443,GBE,George's Bank,Solidissima,2019,solidissima,NA,NA,solidissima,solidissima,solidissima,NA,NA,NA,NA,1,1,1,1,1,1,0.946
GBE0819_522,GBE,George's Bank,Solidissima,2019,solidissima,hybrid,similis,solidissima,solidissima,solidissima,0,1,0,0,1,1,1,1,1,1,0.6436
GBE0819_523,GBE,George's Bank,Solidissima,2019,solidissima,solidissima,similis,solidissima,solidissima,solidissima,1,1,0,0,1,1,1,1,1,1,0.6842
GBE0819_524,GBE,George's Bank,Solidissima,2019,solidissima,solidissima,similis,solidissima,solidissima,solidissima,1,1,0,0,1,1,1,1,1,1,0.6842
GLD0819_001,GLD,Northern Long Island,Similis,2019,similis,NA,NA,NA,NA,similis,NA,NA,NA,NA,NA,NA,NA,NA,0,0,0.098
GLD0819_002,GLD,Northern Long Island,Similis,2019,similis,NA,NA,similis,similis,similis,NA,NA,NA,NA,0,0,0,0,0,0,0.202333333
GLD0819_003,GLD,Northern Long Island,Similis,2019,similis,NA,NA,hybrid,hybrid,similis,NA,NA,NA,NA,0,1,0,1,0,0,0.427166667
GLD0819_004,GLD,Northern Long Island,Similis,2019,similis,NA,NA,hybrid,similis,similis,NA,NA,NA,NA,0,1,0,0,0,0,0.345666667
GLD0819_005,GLD,Northern Long Island,Similis,2019,similis,hybrid,similis,NA,NA,NA,0,1,0,0,NA,NA,NA,NA,NA,NA,0.19
GLD0819_006,GLD,Northern Long Island,Similis,2019,similis,hybrid,similis,NA,NA,NA,0,1,0,0,NA,NA,NA,NA,NA,NA,0.19
GLD0819_007,GLD,Northern Long Island,Similis,2019,similis,similis,similis,NA,NA,NA,0,0,0,0,NA,NA,NA,NA,NA,NA,0.0885
GLD0819_008,GLD,Northern Long Island,Similis,2019,similis,similis,similis,NA,NA,NA,0,0,0,0,NA,NA,NA,NA,NA,NA,0.0885
MCX0819_061,MCX,Southern Long Island,Solidissima,2019,solidissima,solidissima,solidissima,NA,NA,NA,1,1,1,1,NA,NA,NA,NA,NA,NA,0.626
MCX0819_062,MCX,Southern Long Island,Solidissima,2019,solidissima,hybrid,solidissima,NA,NA,NA,0,1,1,1,NA,NA,NA,NA,NA,NA,0.5245
MCX0819_069,MCX,Southern Long Island,Solidissima,2019,solidissima,solidissima,solidissima,NA,NA,NA,1,1,1,1,NA,NA,NA,NA,NA,NA,0.626
MCX0819_078,MCX,Southern Long Island,Solidissima,2019,solidissima,NA,NA,solidissima,solidissima,solidissima,NA,NA,NA,NA,1,1,1,1,1,1,0.946
MCX0819_079,MCX,Southern Long Island,Solidissima,2019,solidissima,NA,NA,solidissima,solidissima,solidissima,NA,NA,NA,NA,1,1,1,1,1,1,0.946
MCX0819_080,MCX,Southern Long Island,Solidissima,2019,solidissima,NA,NA,solidissima,solidissima,solidissima,NA,NA,NA,NA,1,1,1,1,1,1,0.946
MW001,MW,Massachusetts,Similis,2012,solidissima,solidissima,solidissima,solidissima,solidissima,solidissima,1,1,1,1,1,1,1,1,1,1,0.818
MW002,MW,Massachusetts,Similis,2012,solidissima,solidissima,solidissima,solidissima,solidissima,solidissima,1,1,1,1,1,1,1,1,1,1,0.818
MW009,MW,Massachusetts,Similis,2012,similis,similis,similis,similis,similis,similis,0,0,0,0,0,0,0,0,0,0,0.1568
MW011,MW,Massachusetts,Similis,2012,similis,similis,similis,similis,solidissima,similis,0,0,0,0,0,0,1,1,0,0,0.2546
MW012,MW,Massachusetts,Similis,2012,similis,similis,similis,hybrid,solidissima,similis,0,0,0,0,0,1,1,1,0,0,0.3406
MW013,MW,Massachusetts,Similis,2012,similis,similis,similis,hybrid,similis,similis,0,0,0,0,0,1,0,0,0,0,0.2428
MW014,MW,Massachusetts,Similis,2012,similis,similis,similis,hybrid,hybrid,similis,0,0,0,0,0,1,0,1,0,0,0.2917
MW015,MW,Massachusetts,Similis,2012,similis,similis,similis,similis,solidissima,hybrid,0,0,0,0,0,0,1,1,0,1,0.3428
MW016,MW,Massachusetts,Similis,2012,similis,solidissima,solidissima,NA,NA,NA,1,1,1,1,NA,NA,NA,NA,NA,NA,0.626
MW017,MW,Massachusetts,Similis,2012,solidissima,similis,similis,similis,solidissima,hybrid,0,0,0,0,0,0,1,1,0,1,0.3428
MW018,MW,Massachusetts,Similis,2012,similis,similis,similis,similis,solidissima,similis,0,0,0,0,0,0,1,1,0,0,0.2546
MW019,MW,Massachusetts,Similis,2012,similis,solidissima,similis,similis,solidissima,hybrid,1,1,0,0,0,0,1,1,0,1,0.424
MW020,MW,Massachusetts,Similis,2012,similis,similis,similis,similis,hybrid,hybrid,0,0,0,0,0,0,0,1,0,1,0.2939
MW021,MW,Massachusetts,Similis,2012,similis,similis,similis,similis,similis,similis,0,0,0,0,0,0,0,0,0,0,0.1568
MW022,MW,Massachusetts,Similis,2012,similis,hybrid,hybrid,similis,hybrid,similis,0,1,0,1,0,0,0,1,0,0,0.3132
MW023,MW,Massachusetts,Similis,2012,similis,solidissima,similis,similis,similis,similis,1,1,0,0,0,0,0,0,0,0,0.238
MW024,MW,Massachusetts,Similis,2012,similis,hybrid,similis,similis,solidissima,similis,0,1,0,0,0,0,1,1,0,0,0.2952
MW025,MW,Massachusetts,Similis,2012,similis,similis,similis,similis,solidissima,similis,0,0,0,0,0,0,1,1,0,0,0.2546
MW026,MW,Massachusetts,Similis,2012,similis,similis,similis,similis,solidissima,similis,0,0,0,0,0,0,1,1,0,0,0.2546
MW027,MW,Massachusetts,Similis,2012,similis,similis,similis,similis,solidissima,similis,0,0,0,0,0,0,1,1,0,0,0.2546
MW028,MW,Massachusetts,Similis,2012,similis,similis,similis,similis,hybrid,similis,0,0,0,0,0,0,0,1,0,0,0.2057
MW029,MW,Massachusetts,Similis,2012,similis,similis,similis,similis,similis,similis,0,0,0,0,0,0,0,0,0,0,0.1568
MW030,MW,Massachusetts,Similis,2012,similis,similis,similis,similis,similis,similis,0,0,0,0,0,0,0,0,0,0,0.1568
MW031,MW,Massachusetts,Similis,2012,similis,similis,similis,similis,similis,similis,0,0,0,0,0,0,0,0,0,0,0.1568
MW032,MW,Massachusetts,Similis,2012,similis,similis,similis,similis,solidissima,similis,0,0,0,0,0,0,1,1,0,0,0.2546
MW033,MW,Massachusetts,Similis,2012,similis,solidissima,solidissima,NA,NA,NA,1,1,1,1,NA,NA,NA,NA,NA,NA,0.626
MW034,MW,Massachusetts,Similis,2012,solidissima,similis,similis,similis,similis,similis,0,0,0,0,0,0,0,0,0,0,0.1568
MW035,MW,Massachusetts,Similis,2012,similis,NA,similis,similis,similis,similis,NA,NA,0,0,0,0,0,0,0,0,0.162
MW036,MW,Massachusetts,Similis,2012,similis,NA,similis,similis,solidissima,similis,NA,NA,0,0,0,0,1,1,0,0,0.28425
MW037,MW,Massachusetts,Similis,2012,similis,NA,similis,similis,similis,similis,NA,NA,0,0,0,0,0,0,0,0,0.162
MW038,MW,Massachusetts,Similis,2012,similis,similis,similis,similis,hybrid,hybrid,0,0,0,0,0,0,0,1,0,1,0.2939
MW039,MW,Massachusetts,Similis,2012,similis,similis,similis,similis,solidissima,similis,0,0,0,0,0,0,1,1,0,0,0.2546
MW041,MW,Massachusetts,Similis,2012,similis,similis,similis,NA,NA,NA,0,0,0,0,NA,NA,NA,NA,NA,NA,0.0885
MW042,MW,Massachusetts,Similis,2012,similis,similis,similis,NA,NA,NA,0,0,0,0,NA,NA,NA,NA,NA,NA,0.0885
MW043,MW,Massachusetts,Similis,2012,similis,similis,similis,NA,NA,NA,0,0,0,0,NA,NA,NA,NA,NA,NA,0.0885
MW044,MW,Massachusetts,Similis,2012,similis,similis,similis,NA,NA,NA,0,0,0,0,NA,NA,NA,NA,NA,NA,0.0885
MW061,MW,Massachusetts,Similis,2012,similis,NA,NA,NA,solidissima,similis,NA,NA,NA,NA,NA,NA,1,1,0,0,0.5055
MW062,MW,Massachusetts,Similis,2012,similis,NA,NA,similis,solidissima,similis,NA,NA,NA,NA,0,0,1,1,0,0,0.365333333
MW063,MW,Massachusetts,Similis,2012,similis,similis,similis,similis,hybrid,hybrid,0,0,0,0,0,0,0,1,0,1,0.2939
MW064,MW,Massachusetts,Similis,2012,similis,similis,similis,similis,similis,similis,0,0,0,0,0,0,0,0,0,0,0.1568
MW065,MW,Massachusetts,Similis,2012,similis,NA,NA,similis,faint hybrid,similis,NA,NA,NA,NA,0,0,NA,NA,0,0,0.0915
MW066,MW,Massachusetts,Similis,2012,similis,similis,similis,similis,similis,similis,0,0,0,0,0,0,0,0,0,0,0.1568
MW067,MW,Massachusetts,Similis,2012,similis,similis,similis,similis,similis,similis,0,0,0,0,0,0,0,0,0,0,0.1568
PEC0819_011,PEC,Northern Long Island,Similis,2019,similis,similis,similis,similis,simlis,similis,0,0,0,0,0,0,NA,NA,0,0,0.09
PEC0819_012,PEC,Northern Long Island,Similis,2019,similis,similis,similis,hybrid,NA,similis,0,0,0,0,0,1,NA,NA,0,0,0.1975
PEC0819_013,PEC,Northern Long Island,Similis,2019,similis,similis,unclear,similis,similis,hybrid,0,0,NA,NA,0,0,0,0,0,1,0.296
PT03,PT,Massachusetts,Solidissima,2012,solidissima,solidissima,solidissima,NA,NA,NA,1,1,1,1,NA,NA,NA,NA,NA,NA,0.626
PT04,PT,Massachusetts,Solidissima,2012,solidissima,solidissima,solidissima,NA,NA,NA,1,1,1,1,NA,NA,NA,NA,NA,NA,0.626
PT05,PT,Massachusetts,Solidissima,2012,solidissima,solidissima,solidissima,NA,NA,NA,1,1,1,1,NA,NA,NA,NA,NA,NA,0.626
PT06,PT,Massachusetts,Solidissima,2012,solidissima,solidissima,solidissima,NA,NA,NA,1,1,1,1,NA,NA,NA,NA,NA,NA,0.626
PT08,PT,Massachusetts,Solidissima,2012,solidissima,NA,NA,solidissima,solidissima,solidissima,NA,NA,NA,NA,1,1,1,1,1,1,0.946
PT10,PT,Massachusetts,Solidissima,2012,solidissima,NA,NA,solidissima,solidissima,solidissima,NA,NA,NA,NA,1,1,1,1,1,1,0.946
PT12,PT,Massachusetts,Solidissima,2012,solidissima,NA,NA,solidissima,solidissima,solidissima,NA,NA,NA,NA,1,1,1,1,1,1,0.946
PT16,PT,Massachusetts,Solidissima,2012,solidissima,solidissima,solidissima,solidissima,solidissima,solidissima,1,1,1,1,1,1,1,1,1,1,0.818
PT18,PT,Massachusetts,Solidissima,2012,solidissima,solidissima,solidissima,solidissima,hybrid,solidissima,1,1,1,1,1,1,0,1,1,1,0.7691
PT19,PT,Massachusetts,Solidissima,2012,solidissima,solidissima,solidissima,solidissima,solidissima,solidissima,1,1,1,1,1,1,1,1,1,1,0.818
PT20,PT,Massachusetts,Solidissima,2012,solidissima,hybrid,solidissima,solidissima,similis,solidissima,0,1,1,1,1,1,0,0,1,1,0.6796
SHN0819_115,SHN,Southern Long Island,Solidissima,2019,solidissima,NA,NA,solidissima,solidissima,solidissima,NA,NA,NA,NA,1,1,1,1,1,1,0.946
SHN0819_116,SHN,Southern Long Island,Solidissima,2019,solidissima,NA,NA,solidissima,solidissima,solidissima,NA,NA,NA,NA,1,1,1,1,1,1,0.946
SHN0819_117,SHN,Southern Long Island,Solidissima,2019,solidissima,NA,NA,solidissima,solidissima,solidissima,NA,NA,NA,NA,1,1,1,1,1,1,0.946
SHN0819_121,SHN,Southern Long Island,Solidissima,2019,solidissima,similis,similis,solidissima,hybrid,solidissima,0,0,0,0,1,1,0,1,1,1,0.5541
SHN0819_122,SHN,Southern Long Island,Solidissima,2019,solidissima,hybrid,similis,solidissima,solidissima,solidissima,0,1,0,0,1,1,1,1,1,1,0.6436
SHN0819_123,SHN,Southern Long Island,Solidissima,2019,solidissima,hybrid,similis,solidissima,solidissima,solidissima,0,1,0,0,1,1,1,1,1,1,0.6436
SHN0819_124,SHN,Southern Long Island,Solidissima,2019,solidissima,solidissima,similis,solidissima,solidissima,solidissima,1,1,0,0,1,1,1,1,1,1,0.6842
SHN0819_125,SHN,Southern Long Island,Solidissima,2019,solidissima,hybrid,similis,solidissima,solidissima,solidissima,0,1,0,0,1,1,1,1,1,1,0.6436
SHN0819_126,SHN,Southern Long Island,Solidissima,2019,solidissima,solidissima,similis,solidissima,solidissima,solidissima,1,1,0,0,1,1,1,1,1,1,0.6842
SHN0819_127,SHN,Southern Long Island,Solidissima,2019,solidissima,solidissima,similis,solidissima,solidissima,solidissima,1,1,0,0,1,1,1,1,1,1,0.6842
SHN0819_128,SHN,Southern Long Island,Solidissima,2019,solidissima,solidissima,similis,solidissima,solidissima,solidissima,1,1,0,0,1,1,1,1,1,1,0.6842
SHN0819_129,SHN,Southern Long Island,Solidissima,2019,solidissima,unclear,similis,solidissima,solidissima,solidissima,NA,NA,0,0,1,1,1,1,1,1,0.71975
SHN0819_130,SHN,Southern Long Island,Solidissima,2019,solidissima,hybrid,similis,NA,hybrid,solidissima,0,1,0,0,NA,NA,0,1,1,1,0.507125
SHN0819_131,SHN,Southern Long Island,Solidissima,2019,solidissima,hybrid,similis,solidissima,solidissima,solidissima,0,1,0,0,1,1,1,1,1,1,0.6436
SHN0819_132,SHN,Southern Long Island,Solidissima,2019,solidissima,hybrid,similis,solidissima,solidissima,solidissima,0,1,0,0,1,1,1,1,1,1,0.6436
SHN0819_133,SHN,Southern Long Island,Solidissima,2018,solidissima,solidissima,similis,similis,solidissima,solidissima,1,1,0,0,0,0,1,1,1,1,0.5122
TEST0819_009,TEST,Northern Long Island,Similis,2019,similis,NA,NA,hybrid,NA,similis,NA,NA,NA,NA,0,1,NA,NA,0,0,0.3065
TEST0819_010,TEST,Northern Long Island,Similis,2019,similis,NA,NA,solidissima,NA,solidissima,NA,NA,NA,NA,1,1,NA,NA,1,1,0.9625